节点名称,优酷
视频/电视剧,电视剧
视频/电视剧/冒险,
视频/电视剧/科幻,科幻
视频/电视剧/偶像,偶像||时装
视频/电视剧/商战,
视频/电视剧/都市,都市
视频/电视剧/农村,农村
视频/电视剧/动画,儿童
视频/电视剧/奇幻,
视频/电视剧/历史,历史
视频/电视剧/犯罪,
视频/电视剧/家庭,家庭
视频/电视剧/年代,
视频/电视剧/古装,古装
视频/电视剧/宫廷,
视频/电视剧/穿越,
视频/电视剧/武侠,武侠
视频/电视剧/神话,神话
视频/电视剧/战争,军事
视频/电视剧/悬疑,悬疑
视频/电视剧/青春,
视频/电视剧/谍战,
视频/电视剧/警匪,警匪
视频/电视剧/喜剧,
视频/电视剧/搞笑,搞笑
视频/电视剧/惊悚,
视频/电视剧/动作,
视频/电视剧/爱情,言情
视频/电视剧/剧情,
视频/电视剧/网络,
视频/电视剧/台湾,台湾
视频/电视剧/新加坡,新加坡
视频/电视剧/俄罗斯,
视频/电视剧/泰国,泰国
视频/电视剧/法国,
视频/电视剧/英国,英国
视频/电视剧/日本,
视频/电视剧/韩国,韩国
视频/电视剧/香港,香港
视频/电视剧/美国,美国
视频/电视剧/大陆,大陆
视频/电视剧/2015,2015
视频/电视剧/2014,2014
视频/电视剧/2013,2013
视频/电视剧/2012,2012
视频/电视剧/2011,2011
视频/电视剧/2010,2010
视频/电视剧/2009以前,
视频/电视剧/10年代,
视频/电视剧/00年代,00年代
视频/电视剧/90年代,90年代
视频/电视剧/80年代,80年代
视频/电视剧/70年代,70年代
视频/电视剧/更早,更早
视频/电影,电影
视频/电影/剧情,剧情
视频/电影/爱情,爱情
视频/电影/动作,动作||西部
视频/电影/恐怖,恐怖
视频/电影/惊悚,惊悚
视频/电影/喜剧,喜剧
视频/电影/警匪,警匪
视频/电影/谍战,
视频/电影/枪战,
视频/电影/青春,
视频/电影/悬疑,悬疑
视频/电影/战争,战争
视频/电影/灾难,
视频/电影/家庭,
视频/电影/犯罪,犯罪
视频/电影/武侠,武侠
视频/电影/历史,历史
视频/电影/奇幻,奇幻
视频/电影/文艺,
视频/电影/传记,
视频/电影/动画,儿童||动画
视频/电影/偶像,
视频/电影/科幻,科幻
视频/电影/冒险,冒险
视频/电影/大陆,大陆
视频/电影/美国,美国
视频/电影/香港,香港
视频/电影/日本,
视频/电影/韩国,韩国
视频/电影/英国,英国
视频/电影/法国,法国
视频/电影/泰国,泰国
视频/电影/俄罗斯,俄罗斯
视频/电影/台湾,台湾
视频/电影/德国,德国
视频/电影/意大利,意大利
视频/电影/加拿大,加拿大
视频/电影/印度,印度
视频/电影/欧洲,
视频/电影/2015,2015
视频/电影/2014,2014
视频/电影/2013,2013
视频/电影/2012,2012
视频/电影/2011,2011
视频/电影/2010,2010
视频/电影/2009以前,2009||2008||2007||2006||2005||2004||2003
视频/电影/10年代,
视频/电影/00年代,
视频/电影/90年代,
视频/电影/80年代,
视频/电影/70年代,
视频/电影/更早,
视频/电影/微电影,微电影
视频/电影/片花,
视频/综艺,综艺
视频/综艺/大陆,大陆
视频/综艺/香港,香港
视频/综艺/台湾,台湾
视频/综艺/韩国,韩国
视频/综艺/日本,日本
视频/综艺/美国,美国
视频/综艺/澳大利亚,澳大利亚
视频/综艺/情感,
视频/综艺/职场,
视频/综艺/相亲,
视频/综艺/脱口秀,脱口秀
视频/综艺/真人秀,真人秀
视频/综艺/选秀,选秀
视频/综艺/美食,美食
视频/综艺/旅游,旅游
视频/综艺/汽车,汽车
视频/综艺/访谈,访谈
视频/综艺/纪实,纪实
视频/综艺/搞笑,搞笑
视频/综艺/时尚,时尚
视频/综艺/晚会,晚会
视频/综艺/理财,理财
视频/综艺/演唱会,演唱会
视频/综艺/曲艺,曲艺
视频/综艺/益智,益智
视频/综艺/音乐,
视频/综艺/舞蹈,
视频/综艺/体育娱乐,
视频/综艺/游戏,游戏
视频/综艺/生活,生活
视频/综艺/2015,2015
视频/综艺/2014,2014
视频/综艺/2013,2013
视频/综艺/2012,2012
视频/综艺/2011,2011
视频/综艺/2010,2010
视频/综艺/00年代,00年代
视频/综艺/90年代,90年代
视频/综艺/80年代,80年代
视频/综艺/70年代,70年代
视频/综艺/更早,更早
视频/动漫,动漫
视频/动漫/搞笑,搞笑
视频/动漫/轻松,
视频/动漫/早教,
视频/动漫/益智,教育
视频/动漫/亲子,亲子
视频/动漫/冒险,冒险
视频/动漫/战斗,格斗
视频/动漫/魔幻,魔法
视频/动漫/科幻,科幻
视频/动漫/机战,机战
视频/动漫/童话,童话
视频/动漫/青春,青春
视频/动漫/励志,励志
视频/动漫/体育,运动
视频/动漫/侦探,
视频/动漫/悬疑,
视频/动漫/真人,真人
视频/动漫/历史,历史
视频/动漫/竞技,竞技
视频/动漫/校园,校园
视频/动漫/都市,
视频/动漫/恋爱,恋爱
视频/动漫/日常,
视频/动漫/治愈,
视频/动漫/神话,神话
视频/动漫/神魔,神魔
视频/动漫/美少女,美少女
视频/动漫/百合,
视频/动漫/耽美,
视频/动漫/后宫,
视频/动漫/战争,战争
视频/动漫/热血,热血
视频/动漫/LOLI,LOLI
视频/动漫/ACG,
视频/动漫/Cosplay,
视频/动漫/古代,
视频/动漫/未来,
视频/动漫/动作,
视频/动漫/宠物,
视频/动漫/英国,英国
视频/动漫/法国,法国
视频/动漫/俄罗斯,
视频/动漫/内地,大陆
视频/动漫/香港,香港
视频/动漫/美国,美国
视频/动漫/日本,日本
视频/动漫/韩国,韩国
视频/动漫/台湾,台湾
视频/动漫/2015,2015
视频/动漫/2014,2014
视频/动漫/2013,2013
视频/动漫/2012,2012
视频/动漫/2011,2011
视频/动漫/2010,2010
视频/动漫/00年代,00年代
视频/动漫/90年代,90年代
视频/动漫/80年代,80年代
视频/动漫/更早,更早
视频/动漫/0岁-3岁,
视频/动漫/4岁-6岁,
视频/动漫/7岁-9岁,
视频/动漫/10岁-12岁,
视频/动漫/13岁-17岁,
视频/动漫/18岁以上,
视频/纪录片,纪录片
视频/纪录片/人物,人物
视频/纪录片/历史,历史
视频/纪录片/自然,自然
视频/纪录片/军事,军事
视频/纪录片/社会,社会
视频/纪录片/幕后,
视频/纪录片/财经,
视频/纪录片/探险,探险
视频/纪录片/剧情,
视频/纪录片/旅游,旅游
视频/纪录片/科技,科技
视频/纪录片/文化,文化
视频/资讯,资讯
视频/资讯/社会资讯,社会资讯
视频/资讯/科技资讯,科技资讯
视频/资讯/生活资讯,生活资讯
视频/资讯/时政资讯,时政资讯
视频/资讯/军事资讯,军事资讯
视频/资讯/财经资讯,财经资讯
视频/资讯/法制,法制
视频/体育,体育
视频/体育/世界杯,世界杯
视频/体育/体育资讯,体育资讯
视频/体育/篮球,篮球
视频/体育/CBA,CBA
视频/体育/足球,足球
视频/体育/英超,英超
视频/体育/极限运动,极限运动
视频/体育/跑酷,跑酷
视频/体育/自行车,自行车
视频/体育/轮滑,轮滑
视频/体育/滑板,滑板
视频/体育/武术,武术
视频/体育/格斗,格斗
视频/体育/赛车,赛车
视频/体育/大球运动,大球运动
视频/体育/小球运动,小球运动
视频/体育/网球,网球
视频/体育/田径,田径
视频/体育/水上项目,水上项目
视频/体育/力量项目,力量项目
视频/体育/冰雪项目,冰雪项目
视频/体育/射击,射击
视频/体育/健身,健身
视频/体育/体育舞蹈,体育舞蹈
视频/体育/技巧,技巧
视频/体育/棋牌,棋牌
视频/体育/模型,模型
视频/体育/其他,其他
视频/体育/奥运会,奥运会
视频/体育/欧洲杯,欧洲杯
